product_name,category,quantity,total_amount,rating
Laptop,Eletrônicos,1031,1652711.57,3.94
Smart TV,Eletrônicos,986,1632858.86,4.05
Fone de Ouvido,Eletrônicos,1007,1590006.34,4.0
Smartphone,Eletrônicos,1011,1589866.17,3.99
Tablet,Eletrônicos,944,1495163.65,4.04
Tapete,Casa,1101,1134353.09,4.01
Cadeira,Casa,1064,1124430.28,4.01
Mesa,Casa,1034,1099525.16,4.05
Luminária,Casa,977,1014724.7,4.03
Sofá,Casa,897,947850.94,4.0
